시점,예측인구,조사망률,예측화장률,예상사망자수,예상화장건수,화장수요증가율,필요화장로수,추가필요화장로
2026,905034,6.1,94.78571428571468,5521.0,5233.0,0.0,4,0
2027,912981,6.3,97.05357142857156,5752.0,5582.0,6.669214599656037,4,0
2028,920928,6.4,99.0,5894.0,5835.0,4.532425653887495,5,0
2029,928875,6.6,99.0,6131.0,6069.0,4.010282776349605,5,0
2030,936822,6.8,99.0,6370.0,6307.0,3.9215686274509887,5,0
2031,944769,7.0,99.0,6613.0,6547.0,3.805295703186928,5,0
2032,952717,7.1,99.0,6764.0,6697.0,2.291125706430419,5,0
2033,960664,7.4,99.0,7109.0,7038.0,5.091832163655363,5,0
2034,968611,7.5,99.0,7265.0,7192.0,2.188121625461781,5,0
2035,976558,7.8,99.0,7617.0,7541.0,4.852614015572865,6,0
